{
    "middle": {
        "GMB": [
            0.9056603773584906, 
            0.7961165048543689, 
            0.8105263157894737, 
            0.8207547169811321, 
            0.7572815533980582, 
            0.7798165137614679, 
            0.7741935483870968, 
            0.7913043478260869, 
            0.9104477611940298, 
            0.6106194690265486
        ], 
        "file": [
            0.8440366972477065, 
            0.8141592920353983, 
            0.7943262411347518, 
            0.8272727272727273, 
            0.9105691056910569, 
            0.8494623655913979, 
            0.8759124087591241, 
            0.9137931034482759, 
            0.8134328358208955, 
            0.8369565217391305
        ], 
        "mix": [
            0.8545454545454545, 
            0.9032258064516129, 
            0.7835051546391752, 
            0.8472222222222222, 
            0.9444444444444444, 
            0.8426966292134831, 
            0.7676767676767676, 
            0.8055555555555556, 
            0.92, 
            0.8260869565217391
        ]
    }, 
    "complicated": {
        "GMB": [
            0.8727272727272727, 
            0.7575757575757576, 
            0.375, 
            1.0, 
            0.72, 
            0.7441860465116279, 
            0.5, 
            0.6818181818181818, 
            0.8636363636363636, 
            0.7083333333333334
        ], 
        "file": [
            0.6545454545454545, 
            0.8275862068965517, 
            0.8163265306122449, 
            0.6122448979591837, 
            0.775, 
            0.6304347826086957, 
            0.6545454545454545, 
            0.72, 
            0.5714285714285714, 
            0.7727272727272727
        ], 
        "mix": [
            0.9787234042553191, 
            0.6666666666666666, 
            0.7714285714285715, 
            0.5925925925925926, 
            0.7441860465116279, 
            0.5925925925925926, 
            0.7777777777777778, 
            0.6666666666666666, 
            0.7692307692307693, 
            0.6666666666666666
        ]
    }, 
    "basic": {
        "GMB": [
            0.8325358851674641, 
            0.8507462686567164, 
            0.8349056603773585, 
            0.8365384615384616, 
            0.7722222222222223, 
            0.7397959183673469, 
            0.8194444444444444, 
            0.7747252747252747, 
            0.8130841121495327, 
            0.819672131147541
        ], 
        "file": [
            0.8288288288288288, 
            0.7370517928286853, 
            0.8287037037037037, 
            0.8142292490118577, 
            0.8451327433628318, 
            0.8347457627118644, 
            0.8181818181818182, 
            0.8611111111111112, 
            0.8292682926829268, 
            0.8381742738589212
        ], 
        "mix": [
            0.9209302325581395, 
            0.8518518518518519, 
            0.8601694915254238, 
            0.8472222222222222, 
            0.8584070796460177, 
            0.8564356435643564, 
            0.9043478260869565, 
            0.8961038961038961, 
            0.8507462686567164, 
            0.7658536585365854
        ]
    }
}