{
    "Middle": {
        "GMB": [
            [
                0.9005497251374313,
                0.9503091234760501,
                0.001449406649153003
            ],
            [
                0.8810032017075774,
                0.947401629000803,
                0.0015852885225110971
            ],
            [
                0.8832261256803563,
                0.9500780933649563,
                0.001449406649153003
            ],
            [
                0.9153206069505629,
                0.9477555748624384,
                0.001449406649153003
            ],
            [
                0.8660337552742616,
                0.9479669193659546,
                0.001449406649153003
            ],
            [
                0.8991416309012875,
                0.9481196973171291,
                0.001449406649153003
            ],
            [
                0.8845371312309257,
                0.9488524968285088,
                0.001449406649153003
            ],
            [
                0.910295616717635,
                0.9473653868326992,
                0.001449406649153003
            ],
            [
                0.880926724137931,
                0.9504354801741921,
                0.001449406649153003
            ],
            [
                0.8953424657534247,
                0.9524681118801122,
                0.001449406649153003
            ]
        ],
        "FILE": [
            [
                0.9107452339688041,
                0.9278199291856348,
                0.9260349669354108
            ],
            [
                0.8969411764705882,
                0.9288828747556759,
                0.9258084971464806
            ],
            [
                0.8942710759198882,
                0.929406452260298,
                0.9259896729776248
            ],
            [
                0.8901996370235935,
                0.9293046191003321,
                0.9254008515264064
            ],
            [
                0.9165526675786594,
                0.9283882323359316,
                0.9272126098378476
            ],
            [
                0.9180470793374019,
                0.926961180752123,
                0.9260349669354108
            ],
            [
                0.9036091549295775,
                0.9293648389376956,
                0.9267143763022013
            ],
            [
                0.8710247349823321,
                0.9304532148985566,
                0.9243590904973277
            ],
            [
                0.8985574685900419,
                0.9301520397410808,
                0.9270767279644896
            ],
            [
                0.8718190386427899,
                0.9329023852475447,
                0.9270314340067035
            ]
        ],
        "MIX": [
            [
                0.9206312369459271,
                0.9455187852307361
            ],
            [
                0.9102275568892223,
                0.9459972717789606
            ],
            [
                0.9030710172744721,
                0.9477134719759256
            ],
            [
                0.9173534259477278,
                0.9459866986187027
            ],
            [
                0.9063340670090486,
                0.9467517494704668
            ],
            [
                0.9227994227994228,
                0.9459009347802729
            ],
            [
                0.9162340726757905,
                0.9459728652955744
            ],
            [
                0.9091339327969711,
                0.9465554359526372
            ],
            [
                0.9021223470661673,
                0.9467911505845216
            ],
            [
                0.8940967823663541,
                0.9471941024065814
            ]
        ]
    },
    "Complicated": {
        "GMB": [
            [
                0.8845577211394303,
                0.9307216733113769,
                4.529395778603134e-05
            ],
            [
                0.8649946638207043,
                0.9289893311919238,
                4.529395778603134e-05
            ],
            [
                0.8535378525482434,
                0.9300052062243305,
                4.529395778603134e-05
            ],
            [
                0.8869309838472834,
                0.9299160150593687,
                4.529395778603134e-05
            ],
            [
                0.834915611814346,
                0.9313691706868826,
                4.529395778603134e-05
            ],
            [
                0.8674892703862661,
                0.9300045861041045,
                4.529395778603134e-05
            ],
            [
                0.8692777212614445,
                0.9300542036673971,
                4.529395778603134e-05
            ],
            [
                0.8883792048929664,
                0.927879626426842,
                4.529395778603134e-05
            ],
            [
                0.8572198275862069,
                0.9318702727481091,
                4.529395778603134e-05
            ],
            [
                0.8871232876712328,
                0.9305039180918606,
                4.529395778603134e-05
            ]
        ],
        "FILE": [
            [
                0.9150779896013865,
                0.9467374810318665,
                0.9434278467252468
            ],
            [
                0.8931764705882353,
                0.9448203277702601,
                0.9398496240601504
            ],
            [
                0.895668374476013,
                0.9455120164567759,
                0.9406649153002989
            ],
            [
                0.896551724137931,
                0.9459595451343464,
                0.9410272669625872
            ],
            [
                0.9243046055631555,
                0.9454362584862962,
                0.9433372588096748
            ],
            [
                0.9250217959895379,
                0.9455620703598868,
                0.9434278467252468
            ],
            [
                0.9049295774647887,
                0.9469857618903362,
                0.9426578494428843
            ],
            [
                0.8741166077738516,
                0.9486726556979913,
                0.9410272669625872
            ],
            [
                0.9022801302931596,
                0.9469115359526319,
                0.9425672615273123
            ],
            [
                0.8576814326107446,
                0.9472840248546803,
                0.9386719811577136
            ]
        ],
        "MIX": [
            [
                0.9236481782316083,
                0.9492137983116218
            ],
            [
                0.910977744436109,
                0.9499826142776902
            ],
            [
                0.9054702495201535,
                0.9506152936751034
            ],
            [
                0.923239934071109,
                0.9500525054524893
            ],
            [
                0.9117143555881634,
                0.950773520658498
            ],
            [
                0.9280904280904281,
                0.9502524981196948
            ],
            [
                0.9103350637092968,
                0.9513567352212771
            ],
            [
                0.9169427354472314,
                0.9516146393972013
            ],
            [
                0.9053682896379526,
                0.951499424841497
            ],
            [
                0.8958702812262478,
                0.9510403589839472
            ]
        ]
    },